phase,timestep,ep_rew_mean,ep_len_mean,fold%,check_call%,raise33%,raise66%,raise100%,allin%
2,501761,1.002,1.55,0.0,0.0,0.0,0.0,1.0,0.0
2,502761,1.864,1.48,0.015,0.065,0.0,0.011,0.532,0.377
2,503761,1.874,1.51,0.019,0.08,0.001,0.01,0.513,0.377
2,504761,1.954,1.51,0.013,0.071,0.0,0.064,0.471,0.381
2,505761,1.186,1.56,0.009,0.065,0.0,0.05,0.477,0.399
2,506761,2.3984,1.52,0.011,0.084,0.001,0.046,0.475,0.383
2,507761,1.7864,1.54,0.018,0.055,0.002,0.045,0.504,0.376
2,508761,1.118,1.52,0.014,0.067,0.0,0.067,0.47,0.382
2,509761,0.9304,1.57,0.013,0.071,0.0,0.08,0.455,0.381
2,510761,1.4424,1.53,0.019,0.08,0.0,0.057,0.462,0.382
2,511761,2.1492,1.51,0.007,0.063,0.0,0.079,0.471,0.38
2,512761,1.386,1.5,0.016,0.072,0.001,0.046,0.495,0.37
2,513761,1.888,1.56,0.021,0.055,0.0,0.056,0.492,0.376
2,514761,1.3424,1.52,0.014,0.053,0.0,0.048,0.504,0.381
2,515761,1.3304,1.57,0.017,0.07,0.001,0.046,0.478,0.388
2,516761,0.408,1.56,0.014,0.067,0.001,0.046,0.49,0.382
2,517761,1.8556,1.54,0.009,0.067,0.001,0.048,0.481,0.394
2,518761,2.274,1.52,0.013,0.067,0.0,0.037,0.498,0.385
2,519761,2.0292,1.54,0.019,0.068,0.0,0.042,0.494,0.377
2,520761,2.1632,1.54,0.008,0.075,0.0,0.049,0.489,0.379
2,521761,2.0668,1.52,0.014,0.066,0.0,0.058,0.477,0.385
2,522761,1.8472,1.58,0.018,0.064,0.002,0.049,0.488,0.379
2,523761,0.8496,1.51,0.008,0.074,0.0,0.058,0.478,0.382
2,524761,0.9652,1.54,0.018,0.059,0.001,0.059,0.49,0.373
2,525761,2.0944,1.52,0.011,0.056,0.0,0.075,0.476,0.382
2,526761,1.0868,1.5,0.012,0.066,0.0,0.069,0.476,0.377
2,527761,1.976,1.53,0.009,0.064,0.001,0.052,0.496,0.378
2,528761,1.2012,1.54,0.014,0.065,0.0,0.066,0.474,0.381
2,529761,1.7892,1.62,0.01,0.066,0.001,0.078,0.468,0.377
2,530761,0.7212,1.52,0.006,0.071,0.0,0.083,0.461,0.379
2,531761,3.004,1.53,0.009,0.082,0.001,0.082,0.447,0.379
2,532761,1.3912,1.54,0.014,0.075,0.001,0.08,0.456,0.374
2,533761,0.9124,1.53,0.012,0.071,0.0,0.072,0.468,0.377
2,534761,0.7204,1.58,0.012,0.064,0.001,0.061,0.486,0.376
2,535761,0.8412,1.58,0.012,0.061,0.001,0.068,0.481,0.377
2,536761,1.45,1.55,0.013,0.073,0.0,0.065,0.471,0.378
2,537761,1.2932,1.58,0.014,0.073,0.0,0.062,0.475,0.376
2,538761,1.6108,1.58,0.013,0.072,0.0,0.073,0.469,0.373
2,539761,0.228,1.53,0.017,0.074,0.001,0.083,0.452,0.373
2,540761,1.0,1.5,0.012,0.066,0.001,0.07,0.479,0.372
2,541761,0.8448,1.58,0.006,0.061,0.001,0.105,0.453,0.374
2,542761,1.6648,1.49,0.013,0.072,0.001,0.082,0.463,0.369
2,543761,1.64,1.57,0.015,0.058,0.0,0.069,0.478,0.38
2,544761,1.9436,1.51,0.008,0.064,0.0,0.059,0.479,0.39
2,545761,2.5788,1.5,0.011,0.063,0.0,0.056,0.49,0.38
2,546761,0.8912,1.49,0.017,0.068,0.002,0.056,0.479,0.378
2,547761,0.5104,1.59,0.019,0.068,0.0,0.048,0.493,0.372
2,548761,3.1272,1.45,0.006,0.074,0.0,0.048,0.495,0.377
2,549761,1.9632,1.5,0.011,0.079,0.0,0.051,0.483,0.376
2,550761,0.7732,1.52,0.015,0.052,0.0,0.036,0.533,0.364
2,551761,1.0808,1.59,0.01,0.067,0.0,0.034,0.515,0.374
2,552761,1.4892,1.5,0.014,0.066,0.001,0.033,0.527,0.359
2,553761,1.5364,1.56,0.009,0.068,0.001,0.024,0.521,0.377
2,554761,1.8356,1.57,0.006,0.06,0.0,0.033,0.53,0.371
2,555761,1.452,1.52,0.009,0.074,0.0,0.026,0.513,0.378
2,556761,0.8976,1.58,0.009,0.072,0.0,0.032,0.512,0.375
2,557761,1.8724,1.58,0.008,0.063,0.0,0.025,0.531,0.373
2,558761,1.7784,1.53,0.01,0.065,0.0,0.026,0.529,0.37
2,559761,0.794,1.47,0.011,0.062,0.0,0.028,0.527,0.372
2,560761,1.9772,1.57,0.016,0.068,0.0,0.026,0.526,0.364
2,561761,0.8952,1.53,0.008,0.05,0.0,0.027,0.537,0.378
2,562761,1.366,1.57,0.013,0.077,0.001,0.02,0.515,0.374
2,563761,1.3232,1.55,0.011,0.067,0.001,0.023,0.521,0.377
2,564761,1.954,1.54,0.013,0.066,0.0,0.023,0.53,0.368
2,565761,2.1212,1.56,0.006,0.065,0.001,0.023,0.525,0.38
2,566761,1.374,1.53,0.012,0.06,0.0,0.022,0.534,0.372
2,567761,2.25,1.53,0.009,0.064,0.0,0.041,0.512,0.374
2,568761,1.6884,1.57,0.01,0.066,0.0,0.038,0.51,0.376
2,569761,1.5208,1.62,0.01,0.068,0.0,0.045,0.504,0.373
2,570761,1.184,1.5,0.014,0.073,0.0,0.036,0.503,0.374
2,571761,0.9432,1.53,0.023,0.079,0.0,0.056,0.476,0.366
2,572761,1.5744,1.56,0.015,0.07,0.001,0.054,0.489,0.371
2,573761,1.9532,1.53,0.01,0.068,0.0,0.057,0.494,0.371
2,574761,2.3692,1.58,0.011,0.078,0.0,0.064,0.476,0.371
2,575761,1.286,1.58,0.01,0.07,0.0,0.052,0.489,0.379
2,576761,1.1692,1.56,0.008,0.065,0.001,0.043,0.507,0.376
2,577761,1.744,1.56,0.012,0.06,0.0,0.036,0.516,0.376
2,578761,2.402,1.49,0.015,0.071,0.0,0.032,0.505,0.377
2,579761,1.29,1.54,0.012,0.065,0.0,0.032,0.518,0.373
2,580761,1.956,1.5,0.009,0.061,0.0,0.029,0.522,0.379
2,581761,0.996,1.57,0.019,0.069,0.001,0.034,0.508,0.369
2,582761,2.16,1.49,0.012,0.072,0.001,0.039,0.506,0.37
2,583761,0.0692,1.5,0.015,0.063,0.0,0.031,0.512,0.379
2,584761,1.4616,1.55,0.006,0.054,0.001,0.036,0.533,0.37
2,585761,1.5464,1.56,0.009,0.062,0.0,0.025,0.51,0.394
2,586761,1.962,1.51,0.014,0.065,0.0,0.04,0.508,0.373
2,587761,1.132,1.56,0.01,0.071,0.0,0.03,0.514,0.375
2,588761,2.3048,1.58,0.013,0.061,0.0,0.028,0.514,0.384
2,589761,2.108,1.58,0.013,0.069,0.0,0.017,0.52,0.381
2,590761,2.144,1.5,0.011,0.063,0.0,0.024,0.518,0.384
2,591761,1.6732,1.5,0.008,0.073,0.0,0.031,0.504,0.384
2,592761,2.362,1.54,0.009,0.06,0.0,0.024,0.514,0.393
2,593761,1.4352,1.56,0.007,0.074,0.0,0.034,0.507,0.378
2,594761,0.9836,1.53,0.011,0.063,0.0,0.022,0.522,0.382
2,595761,1.534,1.5,0.004,0.08,0.0,0.027,0.503,0.386
2,596761,2.0104,1.53,0.013,0.056,0.0,0.027,0.536,0.368
2,597761,1.496,1.49,0.009,0.063,0.0,0.03,0.523,0.375
2,598761,-0.188,1.54,0.013,0.054,0.001,0.035,0.518,0.379
2,599761,1.4876,1.58,0.014,0.072,0.001,0.036,0.493,0.384
2,600761,1.854,1.53,0.011,0.068,0.0,0.021,0.515,0.385
2,601761,3.0244,1.56,0.015,0.068,0.0,0.033,0.503,0.381
2,602761,1.3732,1.52,0.014,0.062,0.0,0.025,0.523,0.376
2,603761,0.692,1.53,0.012,0.071,0.001,0.025,0.513,0.378
2,604761,1.6524,1.5,0.007,0.077,0.0,0.04,0.481,0.395
2,605761,1.88,1.53,0.013,0.08,0.0,0.037,0.487,0.383
2,606761,1.4228,1.54,0.015,0.062,0.0,0.033,0.508,0.382
2,607761,1.2384,1.5,0.006,0.055,0.0,0.037,0.522,0.38
2,608761,1.494,1.53,0.006,0.063,0.0,0.035,0.505,0.391
2,609761,0.254,1.56,0.014,0.063,0.001,0.036,0.496,0.39
2,610761,1.486,1.52,0.008,0.066,0.0,0.026,0.508,0.392
2,611761,1.2252,1.57,0.013,0.055,0.0,0.034,0.515,0.383
2,612761,2.212,1.52,0.01,0.061,0.0,0.015,0.521,0.393
2,613761,1.748,1.54,0.007,0.071,0.002,0.027,0.511,0.382
2,614761,2.9484,1.53,0.012,0.066,0.001,0.025,0.502,0.394
2,615761,1.4648,1.49,0.015,0.069,0.0,0.02,0.514,0.382
2,616761,1.5232,1.52,0.013,0.075,0.001,0.019,0.498,0.394
2,617761,0.902,1.52,0.007,0.068,0.0,0.017,0.518,0.39
2,618761,0.628,1.5,0.013,0.058,0.0,0.021,0.524,0.384
2,619761,1.738,1.49,0.014,0.069,0.0,0.019,0.505,0.393
2,620761,1.8592,1.57,0.008,0.066,0.0,0.021,0.524,0.381
2,621761,0.832,1.62,0.015,0.058,0.0,0.021,0.52,0.386
2,622761,1.174,1.54,0.011,0.074,0.0,0.007,0.518,0.39
2,623761,2.114,1.48,0.01,0.067,0.001,0.025,0.524,0.373
2,624761,2.2056,1.58,0.012,0.064,0.0,0.021,0.511,0.392
2,625761,0.5748,1.51,0.013,0.075,0.0,0.02,0.519,0.373
2,626761,1.308,1.56,0.018,0.068,0.0,0.02,0.512,0.382
2,627761,0.5832,1.55,0.015,0.081,0.0,0.021,0.502,0.381
2,628761,2.4532,1.44,0.007,0.063,0.001,0.02,0.527,0.382
2,629761,2.606,1.5,0.012,0.071,0.0,0.024,0.518,0.375
2,630761,1.2784,1.54,0.007,0.071,0.0,0.025,0.512,0.385
2,631761,2.202,1.56,0.012,0.086,0.0,0.025,0.502,0.375
2,632761,1.6012,1.53,0.014,0.07,0.0,0.023,0.502,0.391
2,633761,1.884,1.51,0.01,0.077,0.001,0.023,0.499,0.39
2,634761,0.588,1.57,0.015,0.064,0.0,0.02,0.51,0.391
2,635761,2.6852,1.51,0.015,0.076,0.001,0.02,0.509,0.379
2,636761,1.798,1.53,0.014,0.075,0.001,0.022,0.517,0.371
2,637761,-0.0488,1.44,0.01,0.064,0.0,0.017,0.53,0.379
2,638761,2.0184,1.55,0.007,0.069,0.001,0.022,0.515,0.386
2,639761,1.1268,1.5,0.008,0.073,0.0,0.027,0.505,0.387
2,640761,1.088,1.52,0.009,0.073,0.0,0.017,0.515,0.386
2,641761,1.4912,1.44,0.013,0.062,0.0,0.036,0.5,0.389
2,642761,1.1592,1.56,0.012,0.072,0.0,0.03,0.501,0.385
2,643761,1.2252,1.58,0.015,0.072,0.0,0.028,0.517,0.368
2,644761,0.8092,1.48,0.01,0.064,0.0,0.024,0.521,0.381
2,645761,1.1608,1.51,0.017,0.059,0.0,0.03,0.513,0.381
2,646761,0.546,1.52,0.009,0.076,0.0,0.026,0.506,0.383
2,647761,0.4972,1.55,0.013,0.055,0.0,0.034,0.518,0.38
2,648761,1.8232,1.58,0.013,0.054,0.0,0.04,0.505,0.388
2,649761,1.8892,1.54,0.01,0.075,0.0,0.044,0.488,0.383
2,650761,1.6144,1.53,0.012,0.072,0.001,0.043,0.484,0.388
2,651761,1.3816,1.54,0.008,0.067,0.001,0.049,0.491,0.384
2,652761,0.5532,1.5,0.012,0.081,0.0,0.052,0.477,0.378
2,653761,1.47,1.56,0.009,0.074,0.0,0.058,0.487,0.372
2,654761,0.8904,1.53,0.011,0.073,0.0,0.073,0.47,0.373
2,655761,2.4072,1.56,0.01,0.082,0.0,0.065,0.452,0.391
2,656761,1.1956,1.62,0.009,0.075,0.001,0.076,0.438,0.401
2,657761,1.062,1.54,0.013,0.061,0.0,0.063,0.476,0.387
2,658761,1.718,1.55,0.015,0.07,0.0,0.054,0.483,0.378
2,659761,3.4664,1.51,0.008,0.075,0.001,0.061,0.463,0.392
2,660761,1.496,1.56,0.016,0.067,0.001,0.061,0.471,0.384
2,661761,1.1228,1.56,0.011,0.083,0.001,0.072,0.449,0.384
2,662761,1.8832,1.55,0.005,0.065,0.002,0.076,0.462,0.39
2,663761,1.7056,1.56,0.018,0.066,0.0,0.077,0.452,0.387
2,664761,2.3628,1.52,0.007,0.069,0.001,0.063,0.48,0.38
2,665761,1.8408,1.56,0.01,0.069,0.0,0.049,0.473,0.399
2,666761,0.744,1.52,0.007,0.072,0.001,0.056,0.473,0.391
2,667761,2.5936,1.53,0.016,0.072,0.002,0.057,0.465,0.388
2,668761,1.25,1.53,0.006,0.065,0.0,0.038,0.494,0.397
2,669761,1.6932,1.58,0.014,0.07,0.0,0.054,0.474,0.388
2,670761,0.722,1.53,0.01,0.077,0.0,0.056,0.479,0.378
2,671761,1.7536,1.53,0.013,0.059,0.0,0.056,0.491,0.381
2,672761,1.7692,1.49,0.014,0.076,0.001,0.073,0.449,0.387
2,673761,1.9952,1.54,0.006,0.079,0.003,0.072,0.449,0.391
2,674761,2.7508,1.57,0.016,0.049,0.002,0.088,0.452,0.393
2,675761,0.8016,1.54,0.014,0.074,0.0,0.08,0.448,0.384
2,676761,1.5896,1.59,0.015,0.075,0.001,0.092,0.45,0.367
2,677761,1.3176,1.57,0.014,0.066,0.001,0.087,0.448,0.384
2,678761,1.9856,1.56,0.015,0.061,0.001,0.069,0.475,0.379
2,679761,1.2168,1.56,0.016,0.08,0.001,0.063,0.451,0.389
2,680761,1.7596,1.54,0.013,0.07,0.002,0.063,0.457,0.395
2,681761,2.064,1.54,0.011,0.072,0.001,0.051,0.478,0.387
2,682761,1.3664,1.57,0.007,0.069,0.003,0.048,0.488,0.385
2,683761,1.2656,1.56,0.002,0.061,0.001,0.05,0.487,0.399
2,684761,2.0736,1.56,0.005,0.066,0.001,0.043,0.502,0.383
2,685761,1.7956,1.53,0.008,0.057,0.002,0.039,0.509,0.385
2,686761,2.0928,1.58,0.014,0.065,0.001,0.032,0.511,0.377
2,687761,1.5644,1.51,0.013,0.064,0.001,0.033,0.504,0.385
2,688761,2.2912,1.56,0.012,0.069,0.0,0.045,0.498,0.376
2,689761,2.3504,1.55,0.008,0.071,0.001,0.059,0.477,0.384
2,690761,3.4976,1.49,0.007,0.068,0.002,0.058,0.476,0.389
2,691761,0.9324,1.48,0.012,0.068,0.001,0.051,0.481,0.387
2,692761,1.2184,1.5,0.006,0.085,0.004,0.053,0.464,0.388
2,693761,1.3988,1.51,0.006,0.066,0.002,0.056,0.492,0.378
2,694761,1.7428,1.54,0.012,0.074,0.002,0.062,0.47,0.38
2,695761,1.9004,1.57,0.013,0.066,0.001,0.055,0.494,0.371
2,696761,0.7024,1.55,0.009,0.063,0.0,0.077,0.474,0.377
2,697761,1.5872,1.45,0.018,0.066,0.0,0.074,0.461,0.381
2,698761,1.5456,1.49,0.009,0.078,0.001,0.084,0.442,0.386
2,699761,1.9916,1.55,0.009,0.075,0.0,0.093,0.427,0.396
2,700761,1.16,1.59,0.017,0.058,0.0,0.088,0.454,0.383
2,701761,2.5628,1.6,0.018,0.054,0.0,0.092,0.445,0.391
2,702761,2.3652,1.47,0.01,0.075,0.001,0.073,0.461,0.38
2,703761,2.752,1.5,0.011,0.063,0.0,0.076,0.464,0.386
2,704761,1.6644,1.54,0.011,0.066,0.001,0.093,0.454,0.375
2,705761,0.204,1.53,0.01,0.066,0.001,0.108,0.436,0.379
2,706761,1.6544,1.54,0.013,0.062,0.001,0.091,0.455,0.378
2,707761,1.2244,1.57,0.009,0.072,0.001,0.077,0.462,0.379
2,708761,0.6536,1.6,0.013,0.067,0.0,0.087,0.45,0.383
2,709761,1.4912,1.5,0.012,0.068,0.0,0.101,0.44,0.379
2,710761,2.0796,1.52,0.006,0.075,0.0,0.096,0.445,0.378
2,711761,1.3028,1.52,0.012,0.073,0.0,0.1,0.431,0.384
2,712761,2.5336,1.53,0.017,0.064,0.001,0.089,0.453,0.376
2,713761,2.1172,1.55,0.009,0.064,0.002,0.088,0.454,0.383
2,714761,1.55,1.54,0.015,0.071,0.0,0.092,0.443,0.379
2,715761,2.2148,1.56,0.018,0.059,0.001,0.096,0.449,0.377
2,716761,1.5836,1.53,0.013,0.062,0.001,0.105,0.434,0.385
2,717761,1.1704,1.51,0.017,0.07,0.001,0.078,0.463,0.371
2,718761,2.5196,1.46,0.009,0.063,0.0,0.085,0.461,0.382
2,719761,1.0784,1.54,0.013,0.054,0.0,0.082,0.467,0.384
2,720761,2.0284,1.52,0.011,0.075,0.002,0.071,0.458,0.383
2,721761,2.9572,1.48,0.008,0.059,0.0,0.083,0.472,0.378
2,722761,2.1784,1.51,0.011,0.073,0.0,0.061,0.48,0.375
2,723761,2.1112,1.48,0.018,0.061,0.001,0.065,0.469,0.386
2,724761,1.6028,1.47,0.007,0.072,0.0,0.067,0.466,0.388
2,725761,1.4768,1.59,0.017,0.07,0.0,0.066,0.458,0.389
2,726761,1.5292,1.56,0.018,0.064,0.002,0.079,0.463,0.374
2,727761,2.8932,1.48,0.009,0.068,0.0,0.075,0.465,0.383
2,728761,1.0848,1.5,0.011,0.064,0.0,0.081,0.463,0.381
2,729761,0.7364,1.52,0.019,0.06,0.0,0.062,0.48,0.379
2,730761,1.088,1.46,0.013,0.062,0.0,0.064,0.473,0.388
2,731761,0.9228,1.45,0.014,0.069,0.0,0.074,0.46,0.383
2,732761,3.042,1.57,0.011,0.073,0.0,0.058,0.464,0.394
2,733761,0.9416,1.49,0.01,0.073,0.0,0.062,0.464,0.391
2,734761,1.7104,1.51,0.011,0.062,0.0,0.047,0.49,0.39
2,735761,0.8396,1.46,0.014,0.072,0.0,0.057,0.462,0.395
2,736761,2.2856,1.49,0.008,0.067,0.001,0.044,0.492,0.388
2,737761,1.9892,1.57,0.007,0.057,0.0,0.061,0.482,0.393
2,738761,2.08,1.55,0.014,0.068,0.0,0.076,0.457,0.385
2,739761,0.4772,1.54,0.01,0.06,0.0,0.081,0.458,0.391
2,740761,1.658,1.5,0.009,0.065,0.0,0.055,0.47,0.401
2,741761,1.3216,1.56,0.012,0.074,0.0,0.076,0.443,0.395
2,742761,2.1332,1.5,0.014,0.073,0.001,0.073,0.451,0.388
2,743761,0.7068,1.56,0.013,0.079,0.002,0.068,0.446,0.392
2,744761,1.4616,1.53,0.007,0.07,0.0,0.058,0.47,0.395
2,745761,1.3184,1.48,0.004,0.072,0.0,0.066,0.462,0.396
2,746761,1.3756,1.59,0.009,0.067,0.001,0.06,0.472,0.391
2,747761,1.3512,1.51,0.008,0.066,0.001,0.058,0.484,0.383
2,748761,0.3976,1.51,0.009,0.074,0.002,0.086,0.427,0.402
2,749761,2.2016,1.53,0.008,0.06,0.0,0.092,0.433,0.407
2,750761,2.0048,1.51,0.006,0.068,0.0,0.068,0.468,0.39
2,751761,1.0712,1.55,0.007,0.073,0.0,0.078,0.444,0.398
2,752761,1.6784,1.58,0.01,0.08,0.0,0.064,0.451,0.395
2,753761,1.3364,1.57,0.011,0.078,0.001,0.069,0.453,0.388
2,754761,1.4884,1.53,0.009,0.067,0.0,0.05,0.486,0.388
2,755761,1.3488,1.52,0.011,0.06,0.0,0.068,0.458,0.403
2,756761,1.3976,1.47,0.01,0.063,0.001,0.042,0.489,0.395
2,757761,1.8944,1.57,0.013,0.072,0.0,0.041,0.489,0.385
2,758761,2.0236,1.55,0.008,0.065,0.0,0.025,0.494,0.408
2,759761,0.6944,1.46,0.012,0.06,0.0,0.038,0.504,0.386
2,760761,1.1576,1.53,0.011,0.053,0.0,0.042,0.505,0.389
2,761761,2.562,1.56,0.007,0.069,0.0,0.064,0.467,0.393
2,762761,0.8624,1.54,0.007,0.075,0.0,0.059,0.47,0.389
2,763761,2.6212,1.52,0.011,0.065,0.0,0.05,0.492,0.382
2,764761,1.5312,1.57,0.012,0.058,0.0,0.049,0.493,0.388
2,765761,2.1648,1.54,0.007,0.077,0.0,0.058,0.472,0.386
2,766761,2.2448,1.49,0.01,0.078,0.0,0.056,0.464,0.392
2,767761,1.164,1.54,0.008,0.069,0.001,0.045,0.482,0.395
2,768761,1.4104,1.55,0.015,0.073,0.0,0.051,0.478,0.383
2,769761,1.6412,1.53,0.015,0.062,0.0,0.044,0.498,0.381
2,770761,1.624,1.53,0.009,0.078,0.0,0.048,0.482,0.383
2,771761,1.7236,1.53,0.007,0.063,0.0,0.069,0.473,0.388
2,772761,2.334,1.54,0.011,0.072,0.0,0.04,0.497,0.38
2,773761,1.3492,1.54,0.019,0.071,0.0,0.041,0.494,0.375
2,774761,1.2184,1.58,0.008,0.077,0.0,0.06,0.463,0.392
2,775761,0.9192,1.59,0.019,0.081,0.0,0.067,0.456,0.377
2,776761,1.274,1.5,0.007,0.075,0.001,0.067,0.462,0.388
2,777761,0.9504,1.56,0.016,0.069,0.0,0.065,0.452,0.398
2,778761,1.3028,1.54,0.009,0.061,0.0,0.083,0.454,0.393
2,779761,1.6476,1.58,0.013,0.054,0.0,0.071,0.471,0.391
2,780761,0.2588,1.49,0.013,0.058,0.0,0.058,0.483,0.388
2,781761,2.0328,1.56,0.013,0.078,0.0,0.069,0.453,0.387
2,782761,2.0352,1.55,0.018,0.06,0.001,0.071,0.475,0.375
2,783761,1.6928,1.55,0.01,0.061,0.001,0.074,0.468,0.386
2,784761,1.782,1.53,0.015,0.066,0.0,0.085,0.462,0.372
2,785761,2.424,1.49,0.014,0.059,0.0,0.06,0.481,0.386
2,786761,0.502,1.52,0.01,0.066,0.0,0.072,0.463,0.389
2,787761,1.2264,1.52,0.008,0.07,0.0,0.044,0.485,0.393
2,788761,1.3012,1.55,0.011,0.065,0.0,0.052,0.492,0.38
2,789761,1.918,1.49,0.007,0.067,0.0,0.052,0.475,0.399
2,790761,1.322,1.49,0.008,0.078,0.0,0.043,0.494,0.377
2,791761,2.2408,1.53,0.01,0.061,0.0,0.053,0.477,0.399
2,792761,1.1136,1.58,0.01,0.06,0.001,0.043,0.491,0.395
2,793761,2.012,1.53,0.01,0.064,0.0,0.034,0.498,0.394
2,794761,1.162,1.49,0.007,0.08,0.0,0.041,0.486,0.386
2,795761,1.5784,1.52,0.006,0.063,0.0,0.05,0.503,0.378
2,796761,1.4112,1.55,0.011,0.06,0.0,0.039,0.509,0.381
2,797761,2.19,1.6,0.02,0.063,0.0,0.041,0.488,0.388
2,798761,1.4508,1.51,0.016,0.074,0.0,0.046,0.49,0.374
2,799761,1.4264,1.52,0.019,0.069,0.0,0.044,0.484,0.384
2,800761,1.7832,1.56,0.011,0.071,0.0,0.04,0.484,0.394
2,801761,1.9168,1.51,0.011,0.075,0.0,0.067,0.461,0.386
2,802761,1.4552,1.58,0.01,0.08,0.001,0.065,0.461,0.383
2,803761,1.2192,1.57,0.008,0.076,0.002,0.073,0.455,0.386
2,804761,1.8164,1.45,0.008,0.065,0.0,0.094,0.453,0.38
2,805761,1.8404,1.6,0.013,0.056,0.001,0.082,0.472,0.376
2,806761,1.6044,1.53,0.014,0.057,0.002,0.073,0.473,0.381
2,807761,1.6988,1.51,0.017,0.064,0.0,0.063,0.477,0.379
2,808761,2.2968,1.55,0.012,0.079,0.001,0.065,0.463,0.38
2,809761,1.444,1.48,0.011,0.065,0.0,0.065,0.475,0.384
2,810761,1.2504,1.61,0.011,0.063,0.0,0.055,0.493,0.378
2,811761,0.8,1.53,0.017,0.081,0.0,0.054,0.484,0.364
2,812761,1.1472,1.55,0.017,0.058,0.001,0.053,0.49,0.381
2,813761,1.5432,1.52,0.008,0.067,0.0,0.056,0.484,0.385
2,814761,2.2588,1.53,0.013,0.07,0.001,0.056,0.483,0.377
2,815761,1.0224,1.52,0.019,0.058,0.0,0.069,0.48,0.374
2,816761,1.7292,1.62,0.017,0.076,0.0,0.095,0.43,0.382
2,817761,1.5392,1.53,0.017,0.053,0.0,0.078,0.47,0.382
2,818761,1.8804,1.59,0.015,0.079,0.0,0.08,0.439,0.387
2,819761,1.9616,1.59,0.013,0.067,0.002,0.067,0.477,0.374
2,820761,1.4636,1.52,0.016,0.069,0.0,0.053,0.482,0.38
2,821761,1.556,1.51,0.015,0.07,0.0,0.064,0.459,0.392
2,822761,1.234,1.54,0.013,0.062,0.001,0.057,0.479,0.388
2,823761,1.6492,1.57,0.013,0.078,0.001,0.063,0.459,0.386
2,824761,1.7292,1.51,0.015,0.054,0.002,0.051,0.491,0.387
2,825761,0.5884,1.52,0.011,0.068,0.0,0.055,0.479,0.387
2,826761,2.008,1.51,0.014,0.062,0.001,0.057,0.487,0.379
2,827761,0.02,1.59,0.02,0.066,0.003,0.037,0.49,0.384
2,828761,1.226,1.55,0.013,0.063,0.0,0.045,0.482,0.397
2,829761,0.1572,1.55,0.01,0.06,0.0,0.045,0.49,0.395
2,830761,0.9108,1.52,0.007,0.075,0.003,0.038,0.506,0.371
2,831761,1.5732,1.52,0.015,0.054,0.001,0.04,0.499,0.391
2,832761,0.932,1.47,0.015,0.069,0.003,0.026,0.52,0.367
2,833761,1.8472,1.51,0.017,0.054,0.003,0.037,0.506,0.383
2,834761,1.7972,1.53,0.015,0.064,0.001,0.055,0.48,0.385
2,835761,1.3104,1.5,0.012,0.06,0.003,0.056,0.477,0.392
2,836761,0.6264,1.52,0.014,0.08,0.001,0.068,0.458,0.379
2,837761,0.1792,1.58,0.011,0.072,0.002,0.042,0.492,0.381
2,838761,1.9772,1.55,0.014,0.078,0.002,0.054,0.47,0.382
2,839761,0.3212,1.52,0.009,0.07,0.0,0.059,0.479,0.383
2,840761,-0.1504,1.55,0.018,0.063,0.004,0.053,0.482,0.38
2,841761,2.6284,1.55,0.014,0.072,0.0,0.063,0.479,0.372
2,842761,1.1852,1.54,0.014,0.066,0.002,0.072,0.468,0.378
2,843761,1.9564,1.53,0.015,0.073,0.004,0.062,0.472,0.374
2,844761,1.7816,1.56,0.014,0.059,0.005,0.096,0.436,0.39
2,845761,0.7528,1.57,0.021,0.066,0.0,0.088,0.447,0.378
2,846761,2.552,1.49,0.009,0.065,0.002,0.078,0.473,0.373
2,847761,0.8348,1.54,0.01,0.068,0.003,0.066,0.473,0.38
2,848761,2.1344,1.52,0.007,0.059,0.002,0.081,0.471,0.38
2,849761,1.2844,1.55,0.014,0.063,0.001,0.093,0.448,0.381
2,850761,1.6132,1.52,0.004,0.062,0.0,0.068,0.481,0.385
2,851761,1.7912,1.56,0.014,0.075,0.001,0.076,0.455,0.379
2,852761,1.4232,1.52,0.014,0.054,0.002,0.075,0.47,0.385
2,853761,0.4712,1.5,0.011,0.065,0.002,0.081,0.46,0.381
2,854761,2.4384,1.51,0.01,0.052,0.002,0.075,0.473,0.388
2,855761,1.2436,1.56,0.009,0.064,0.002,0.06,0.466,0.399
2,856761,1.5892,1.51,0.004,0.067,0.002,0.067,0.459,0.401
2,857761,1.9444,1.59,0.013,0.075,0.002,0.065,0.465,0.38
2,858761,2.0664,1.53,0.009,0.069,0.002,0.071,0.451,0.398
2,859761,1.3236,1.53,0.01,0.061,0.0,0.083,0.46,0.386
2,860761,1.7768,1.56,0.011,0.063,0.0,0.062,0.482,0.382
2,861761,2.414,1.52,0.003,0.087,0.0,0.057,0.468,0.385
2,862761,1.056,1.55,0.01,0.068,0.0,0.041,0.505,0.376
2,863761,2.1344,1.55,0.013,0.057,0.001,0.046,0.498,0.385
2,864761,1.5984,1.55,0.008,0.078,0.002,0.063,0.462,0.387
2,865761,1.7652,1.58,0.005,0.065,0.002,0.051,0.497,0.38
2,866761,2.352,1.55,0.013,0.073,0.001,0.057,0.487,0.369
2,867761,1.776,1.54,0.015,0.057,0.0,0.039,0.507,0.382
2,868761,1.9848,1.52,0.007,0.058,0.0,0.052,0.495,0.388
2,869761,0.9232,1.54,0.015,0.059,0.001,0.049,0.502,0.374
2,870761,0.7848,1.5,0.007,0.066,0.001,0.041,0.507,0.378
2,871761,1.4992,1.55,0.005,0.087,0.0,0.036,0.496,0.376
2,872761,1.51,1.58,0.009,0.059,0.0,0.027,0.521,0.384
2,873761,2.1792,1.55,0.013,0.055,0.0,0.026,0.52,0.386
2,874761,0.7944,1.57,0.015,0.061,0.0,0.021,0.526,0.377
2,875761,1.5772,1.48,0.013,0.075,0.001,0.017,0.511,0.383
2,876761,2.004,1.48,0.01,0.07,0.001,0.018,0.517,0.384
2,877761,1.748,1.53,0.016,0.081,0.0,0.015,0.509,0.379
2,878761,1.6312,1.48,0.008,0.054,0.001,0.021,0.517,0.399
2,879761,0.4272,1.56,0.009,0.078,0.0,0.023,0.502,0.388
2,880761,1.224,1.56,0.014,0.063,0.0,0.016,0.525,0.382
2,881761,1.5452,1.51,0.012,0.071,0.0,0.014,0.525,0.378
2,882761,1.572,1.57,0.013,0.069,0.002,0.015,0.528,0.373
2,883761,0.47,1.58,0.011,0.045,0.001,0.013,0.551,0.379
2,884761,1.4204,1.54,0.013,0.076,0.0,0.013,0.522,0.376
2,885761,1.6512,1.53,0.007,0.065,0.002,0.019,0.525,0.382
2,886761,1.84,1.53,0.015,0.071,0.001,0.009,0.538,0.366
2,887761,1.8112,1.54,0.012,0.065,0.0,0.011,0.54,0.372
2,888761,2.052,1.57,0.01,0.063,0.0,0.01,0.537,0.38
2,889761,1.358,1.61,0.017,0.079,0.0,0.009,0.523,0.372
2,890761,1.638,1.55,0.011,0.071,0.0,0.007,0.528,0.383
2,891761,2.076,1.61,0.019,0.066,0.0,0.013,0.531,0.371
2,892761,2.258,1.52,0.014,0.063,0.0,0.005,0.537,0.381
2,893761,2.3384,1.51,0.01,0.061,0.001,0.015,0.522,0.391
2,894761,0.8728,1.55,0.009,0.063,0.002,0.014,0.525,0.387
2,895761,2.61,1.49,0.011,0.065,0.001,0.012,0.541,0.37
2,896761,1.8772,1.54,0.013,0.073,0.002,0.011,0.519,0.382
2,897761,1.03,1.52,0.018,0.055,0.004,0.012,0.538,0.373
2,898761,1.2372,1.53,0.016,0.079,0.0,0.017,0.501,0.387
2,899761,2.4392,1.53,0.017,0.071,0.001,0.016,0.52,0.375
2,900761,1.808,1.55,0.009,0.075,0.002,0.013,0.516,0.385
2,901761,1.11,1.58,0.009,0.078,0.0,0.013,0.508,0.392
2,902761,2.044,1.5,0.01,0.059,0.0,0.018,0.526,0.387
2,903761,2.16,1.54,0.015,0.078,0.002,0.014,0.516,0.375
2,904761,1.228,1.61,0.007,0.063,0.001,0.016,0.522,0.391
2,905761,0.1692,1.49,0.01,0.057,0.0,0.016,0.532,0.385
2,906761,1.064,1.5,0.013,0.073,0.002,0.031,0.499,0.382
2,907761,1.864,1.54,0.017,0.066,0.001,0.023,0.511,0.382
2,908761,1.882,1.54,0.014,0.065,0.002,0.036,0.498,0.385
2,909761,1.808,1.49,0.021,0.059,0.002,0.044,0.489,0.385
2,910761,0.9704,1.52,0.015,0.056,0.0,0.044,0.491,0.394
2,911761,1.802,1.47,0.006,0.068,0.0,0.041,0.498,0.387
2,912761,0.89,1.48,0.009,0.066,0.001,0.023,0.509,0.392
2,913761,1.0244,1.52,0.009,0.077,0.001,0.028,0.498,0.387
2,914761,0.382,1.5,0.008,0.064,0.001,0.029,0.496,0.402
2,915761,0.8004,1.51,0.012,0.059,0.001,0.026,0.522,0.38
2,916761,1.3536,1.58,0.016,0.078,0.0,0.03,0.49,0.386
2,917761,1.4752,1.56,0.021,0.066,0.0,0.023,0.511,0.379
2,918761,1.816,1.52,0.009,0.067,0.0,0.023,0.515,0.386
2,919761,2.712,1.51,0.008,0.055,0.0,0.019,0.531,0.387
2,920761,1.8332,1.55,0.014,0.067,0.0,0.015,0.522,0.382
2,921761,2.028,1.55,0.011,0.073,0.0,0.025,0.499,0.392
2,922761,2.236,1.52,0.013,0.067,0.001,0.023,0.53,0.366
2,923761,0.9288,1.54,0.025,0.065,0.001,0.024,0.515,0.37
2,924761,1.3992,1.6,0.013,0.076,0.0,0.026,0.497,0.388
2,925761,0.8196,1.52,0.012,0.061,0.0,0.032,0.507,0.388
2,926761,0.8032,1.54,0.021,0.059,0.0,0.035,0.514,0.371
2,927761,1.83,1.53,0.014,0.068,0.0,0.041,0.501,0.376
2,928761,2.146,1.52,0.015,0.071,0.0,0.039,0.497,0.378
2,929761,0.9232,1.55,0.013,0.068,0.0,0.051,0.482,0.386
2,930761,1.5852,1.53,0.015,0.074,0.001,0.042,0.502,0.366
2,931761,2.5996,1.56,0.013,0.069,0.001,0.053,0.481,0.383
2,932761,0.9384,1.52,0.012,0.078,0.001,0.063,0.471,0.375
2,933761,2.7012,1.51,0.008,0.057,0.001,0.053,0.505,0.376
2,934761,1.08,1.51,0.016,0.064,0.0,0.093,0.458,0.369
2,935761,2.394,1.52,0.015,0.078,0.0,0.08,0.453,0.374
2,936761,0.6812,1.58,0.01,0.073,0.001,0.095,0.446,0.375
2,937761,0.6172,1.56,0.02,0.061,0.002,0.068,0.473,0.376
2,938761,1.0912,1.53,0.012,0.077,0.0,0.096,0.444,0.371
2,939761,1.3376,1.58,0.016,0.067,0.0,0.09,0.452,0.375
2,940761,1.4104,1.55,0.015,0.068,0.0,0.091,0.466,0.36
2,941761,0.8212,1.53,0.01,0.078,0.0,0.089,0.443,0.38
2,942761,0.85,1.54,0.014,0.065,0.001,0.078,0.457,0.385
2,943761,1.6228,1.54,0.014,0.076,0.0,0.061,0.471,0.378
2,944761,1.304,1.54,0.011,0.058,0.0,0.073,0.469,0.389
2,945761,1.3244,1.53,0.008,0.079,0.0,0.07,0.457,0.386
2,946761,0.442,1.57,0.016,0.069,0.001,0.07,0.465,0.379
2,947761,2.0172,1.53,0.007,0.06,0.0,0.075,0.476,0.382
2,948761,0.9944,1.6,0.013,0.055,0.0,0.072,0.484,0.376
2,949761,0.7612,1.56,0.018,0.048,0.0,0.06,0.5,0.374
2,950761,1.1732,1.56,0.017,0.073,0.002,0.051,0.48,0.377
2,951761,1.196,1.5,0.012,0.065,0.0,0.058,0.484,0.381
2,952761,2.192,1.56,0.011,0.071,0.001,0.038,0.498,0.381
2,953761,-0.2088,1.5,0.015,0.081,0.0,0.041,0.484,0.379
2,954761,0.872,1.5,0.015,0.064,0.0,0.061,0.488,0.372
2,955761,1.6608,1.5,0.015,0.067,0.001,0.076,0.459,0.382
2,956761,2.2092,1.61,0.012,0.067,0.004,0.085,0.438,0.394
2,957761,0.5372,1.55,0.011,0.059,0.001,0.081,0.468,0.38
2,958761,1.8428,1.57,0.014,0.066,0.0,0.108,0.428,0.384
2,959761,1.2364,1.55,0.017,0.068,0.0,0.117,0.421,0.377
2,960761,1.7536,1.53,0.014,0.067,0.0,0.09,0.447,0.382
2,961761,1.782,1.54,0.009,0.068,0.001,0.108,0.426,0.388
2,962761,1.1172,1.52,0.012,0.062,0.0,0.095,0.441,0.39
2,963761,1.142,1.56,0.014,0.052,0.003,0.108,0.444,0.379
2,964761,0.976,1.55,0.007,0.071,0.002,0.114,0.413,0.393
2,965761,0.8736,1.51,0.012,0.061,0.001,0.135,0.41,0.381
2,966761,1.3672,1.52,0.009,0.055,0.003,0.141,0.418,0.374
2,967761,0.4868,1.54,0.005,0.072,0.002,0.122,0.415,0.384
2,968761,-0.4668,1.54,0.009,0.067,0.001,0.131,0.401,0.391
2,969761,2.3296,1.55,0.015,0.068,0.002,0.108,0.426,0.381
2,970761,-0.5416,1.51,0.012,0.077,0.0,0.098,0.429,0.384
2,971761,1.0016,1.51,0.006,0.073,0.003,0.111,0.413,0.394
2,972761,2.0472,1.5,0.01,0.087,0.0,0.127,0.386,0.39
2,973761,2.2916,1.5,0.01,0.075,0.002,0.085,0.438,0.39
2,974761,1.5104,1.49,0.006,0.068,0.003,0.106,0.431,0.386
2,975761,2.1104,1.51,0.016,0.066,0.0,0.124,0.413,0.381
2,976761,0.398,1.56,0.015,0.065,0.002,0.127,0.41,0.381
2,977761,1.3472,1.53,0.02,0.056,0.001,0.116,0.421,0.386
2,978761,-0.2212,1.51,0.009,0.068,0.0,0.123,0.413,0.387
2,979761,1.738,1.54,0.011,0.052,0.001,0.122,0.42,0.394
2,980761,1.4356,1.56,0.02,0.066,0.001,0.119,0.42,0.374
2,981761,1.28,1.52,0.019,0.066,0.001,0.144,0.388,0.382
2,982761,1.9256,1.52,0.012,0.066,0.003,0.139,0.394,0.386
2,983761,1.5344,1.53,0.015,0.045,0.002,0.152,0.404,0.382
2,984761,2.0188,1.55,0.016,0.065,0.0,0.147,0.394,0.378
2,985761,1.7076,1.49,0.013,0.077,0.001,0.139,0.385,0.385
2,986761,1.2048,1.55,0.009,0.065,0.003,0.132,0.392,0.399
2,987761,1.128,1.52,0.019,0.068,0.002,0.125,0.403,0.383
2,988761,1.9012,1.53,0.015,0.069,0.0,0.163,0.369,0.384
2,989761,2.236,1.57,0.014,0.062,0.0,0.153,0.382,0.389
2,990761,1.3172,1.54,0.019,0.065,0.001,0.191,0.333,0.391
2,991761,1.3548,1.54,0.007,0.066,0.0,0.178,0.363,0.386
2,992761,1.1128,1.57,0.014,0.074,0.002,0.151,0.368,0.391
2,993761,2.1392,1.49,0.011,0.066,0.002,0.152,0.386,0.383
2,994761,0.834,1.5,0.016,0.065,0.001,0.198,0.338,0.382
2,995761,1.9088,1.54,0.016,0.055,0.002,0.17,0.367,0.39
2,996761,2.9696,1.56,0.012,0.068,0.001,0.172,0.353,0.394
2,997761,0.5304,1.56,0.015,0.058,0.0,0.182,0.359,0.386
2,998761,0.5248,1.56,0.024,0.072,0.0,0.206,0.315,0.383
2,999761,1.3316,1.6,0.019,0.06,0.0,0.189,0.346,0.386
2,1000761,1.7652,1.51,0.023,0.067,0.0,0.184,0.346,0.38
2,1001761,1.5456,1.54,0.017,0.05,0.001,0.197,0.347,0.388
2,1002761,1.4716,1.57,0.015,0.06,0.002,0.179,0.351,0.393
2,1003520,0.9188,1.6,0.0145,0.0725,0.0,0.191,0.336,0.386
