timestep,ep_rew_mean,ep_len_mean,fold%,check_call%,raise33%,raise66%,raise100%,allin%
501761,0.668,3.66,0.0,1.0,0.0,0.0,0.0,0.0
502761,1.216,3.81,0.195,0.666,0.0,0.027,0.11,0.002
503761,-0.71,3.78,0.214,0.677,0.0,0.024,0.085,0.0
504761,0.4556,3.72,0.177,0.689,0.003,0.02,0.107,0.004
505761,0.0204,3.58,0.186,0.674,0.0,0.016,0.121,0.003
506761,-0.084,3.62,0.194,0.685,0.0,0.013,0.107,0.001
507761,0.05,3.73,0.202,0.692,0.001,0.017,0.086,0.002
508761,0.3436,3.52,0.252,0.643,0.0,0.011,0.092,0.002
509761,-0.52,3.62,0.196,0.687,0.001,0.015,0.098,0.003
510761,0.1204,3.62,0.223,0.671,0.0,0.011,0.094,0.001
511761,0.43,3.61,0.223,0.684,0.001,0.006,0.081,0.005
512761,-0.016,3.61,0.251,0.658,0.0,0.007,0.079,0.005
513761,-0.37,3.77,0.224,0.667,0.0,0.003,0.103,0.003
514761,0.5944,3.8,0.221,0.668,0.0,0.017,0.092,0.002
515761,0.53,3.69,0.224,0.678,0.001,0.011,0.081,0.005
516761,1.53,3.68,0.201,0.657,0.001,0.026,0.11,0.005
517761,0.89,3.6,0.215,0.674,0.0,0.02,0.087,0.004
518761,-0.244,3.62,0.209,0.675,0.0,0.019,0.095,0.002
519761,0.9168,3.64,0.209,0.66,0.0,0.016,0.113,0.002
520761,0.73,3.51,0.202,0.679,0.0,0.013,0.103,0.003
521761,-0.172,3.77,0.188,0.698,0.0,0.007,0.102,0.005
522761,0.46,3.59,0.205,0.681,0.002,0.008,0.101,0.003
523761,-0.61,3.69,0.204,0.688,0.001,0.01,0.092,0.005
524761,-0.3896,3.56,0.18,0.685,0.001,0.016,0.113,0.005
525761,0.47,3.57,0.205,0.673,0.0,0.015,0.102,0.005
526761,0.104,3.59,0.185,0.691,0.0,0.014,0.105,0.005
527761,-0.18,3.54,0.2,0.665,0.001,0.025,0.104,0.005
528761,0.5908,3.59,0.19,0.652,0.001,0.026,0.127,0.004
529761,0.0768,3.68,0.201,0.658,0.001,0.016,0.118,0.006
530761,-0.05,3.49,0.217,0.642,0.0,0.015,0.125,0.001
531761,0.1068,3.59,0.203,0.64,0.0,0.019,0.131,0.007
532761,-0.806,3.45,0.226,0.652,0.0,0.017,0.097,0.008
533761,0.4,3.53,0.216,0.646,0.001,0.023,0.101,0.013
534761,-0.304,3.54,0.215,0.667,0.002,0.022,0.086,0.008
535761,-0.34,3.45,0.205,0.664,0.0,0.016,0.104,0.011
536761,0.3468,3.48,0.215,0.651,0.0,0.022,0.106,0.006
537761,-0.08,3.53,0.246,0.631,0.001,0.025,0.091,0.006
538761,0.43,3.58,0.243,0.616,0.0,0.017,0.115,0.009
539761,0.5668,3.55,0.232,0.605,0.0,0.024,0.126,0.013
540761,0.1768,3.4,0.25,0.599,0.0,0.028,0.114,0.009
541761,0.3608,3.47,0.257,0.593,0.0,0.022,0.109,0.019
542761,-0.45,3.6,0.256,0.602,0.0,0.022,0.106,0.014
543761,0.4,3.55,0.257,0.598,0.001,0.017,0.113,0.014
544761,0.2,3.45,0.233,0.606,0.0,0.019,0.128,0.014
545761,0.0168,3.38,0.258,0.583,0.001,0.023,0.124,0.011
546761,0.44,3.42,0.236,0.609,0.0,0.029,0.111,0.015
547761,-0.02,3.34,0.224,0.603,0.001,0.034,0.135,0.003
548761,0.87,3.29,0.215,0.611,0.0,0.027,0.13,0.017
549761,0.17,3.37,0.202,0.613,0.0,0.03,0.146,0.009
550761,0.06,3.36,0.221,0.619,0.0,0.037,0.108,0.015
551761,0.1064,3.39,0.198,0.599,0.0,0.045,0.145,0.013
552761,-0.1968,2.99,0.217,0.603,0.001,0.042,0.118,0.019
553761,0.37,3.13,0.198,0.612,0.001,0.042,0.129,0.018
554761,-0.0032,3.27,0.192,0.594,0.002,0.047,0.145,0.02
555761,0.224,3.16,0.189,0.604,0.001,0.041,0.145,0.02
556761,-0.24,2.99,0.183,0.577,0.001,0.047,0.169,0.023
557761,-0.02,3.23,0.182,0.601,0.0,0.051,0.15,0.016
558761,0.9832,3.22,0.16,0.6,0.002,0.052,0.17,0.016
559761,0.1332,3.29,0.174,0.582,0.003,0.056,0.17,0.015
560761,-0.316,3.15,0.186,0.584,0.001,0.038,0.166,0.025
561761,0.5396,2.98,0.197,0.567,0.003,0.043,0.162,0.028
562761,0.9968,2.97,0.186,0.556,0.003,0.043,0.186,0.026
563761,0.1964,3.15,0.212,0.566,0.0,0.041,0.166,0.015
564761,0.4468,3.03,0.171,0.585,0.004,0.039,0.183,0.018
565761,0.2136,3.02,0.195,0.562,0.001,0.041,0.175,0.026
566761,0.6536,2.95,0.2,0.574,0.003,0.046,0.158,0.019
567761,0.18,2.8,0.185,0.565,0.001,0.047,0.174,0.028
568761,-0.0068,2.79,0.192,0.547,0.003,0.049,0.171,0.038
569761,0.32,2.82,0.191,0.58,0.001,0.038,0.168,0.022
570761,0.1168,2.8,0.188,0.531,0.003,0.041,0.207,0.03
571761,0.7468,2.81,0.197,0.52,0.005,0.032,0.217,0.029
572761,0.1968,2.84,0.191,0.517,0.003,0.057,0.2,0.032
573761,0.2936,2.77,0.196,0.518,0.001,0.042,0.205,0.038
574761,0.4804,2.58,0.2,0.506,0.0,0.052,0.196,0.046
575761,0.1936,2.79,0.196,0.498,0.005,0.06,0.207,0.034
576761,-0.2,2.66,0.189,0.503,0.003,0.049,0.224,0.032
577761,0.75,2.5,0.16,0.517,0.002,0.064,0.219,0.038
578761,0.11,2.47,0.186,0.474,0.003,0.053,0.215,0.069
579761,0.9444,2.26,0.181,0.457,0.006,0.059,0.23,0.067
580761,-0.1164,2.29,0.176,0.448,0.002,0.055,0.244,0.075
581761,0.1668,2.34,0.177,0.452,0.005,0.058,0.242,0.066
582761,0.4068,2.04,0.202,0.39,0.007,0.061,0.27,0.07
583761,0.3768,1.87,0.193,0.382,0.004,0.06,0.281,0.08
584761,0.2372,1.84,0.18,0.367,0.01,0.067,0.301,0.075
585761,0.71,2.04,0.197,0.366,0.009,0.056,0.298,0.074
586761,0.24,1.48,0.198,0.31,0.006,0.077,0.325,0.084
587761,0.6868,1.78,0.184,0.329,0.008,0.063,0.342,0.074
588761,0.89,1.54,0.175,0.289,0.013,0.052,0.413,0.058
589761,0.43,1.76,0.192,0.279,0.008,0.053,0.394,0.074
590761,0.62,1.6,0.179,0.275,0.011,0.047,0.421,0.067
591761,0.53,1.61,0.166,0.291,0.015,0.054,0.422,0.052
592761,0.45,1.28,0.22,0.206,0.015,0.051,0.446,0.062
593761,0.45,1.44,0.204,0.221,0.009,0.042,0.46,0.064
594761,0.62,1.59,0.202,0.18,0.02,0.059,0.466,0.073
595761,0.76,1.39,0.196,0.169,0.02,0.06,0.484,0.071
596761,0.62,1.22,0.211,0.133,0.021,0.04,0.515,0.08
597761,0.15,1.3,0.187,0.164,0.015,0.051,0.507,0.076
598761,0.47,1.29,0.202,0.138,0.017,0.056,0.5,0.087
599761,0.54,1.31,0.194,0.122,0.02,0.061,0.523,0.08
600761,0.35,1.19,0.192,0.114,0.021,0.057,0.517,0.099
601761,0.583,1.19,0.185,0.098,0.026,0.057,0.554,0.08
602761,0.5132,1.2,0.215,0.072,0.018,0.072,0.533,0.09
603761,0.5868,1.15,0.22,0.059,0.028,0.062,0.546,0.085
604761,0.6,1.17,0.216,0.082,0.026,0.069,0.505,0.102
605761,0.39,1.13,0.208,0.058,0.029,0.087,0.521,0.097
606761,0.6868,1.14,0.21,0.047,0.028,0.081,0.516,0.118
607761,0.5208,1.16,0.206,0.042,0.018,0.099,0.493,0.142
608761,0.3768,1.08,0.206,0.034,0.032,0.103,0.476,0.149
609761,0.24,1.09,0.202,0.053,0.045,0.099,0.44,0.161
610761,0.32,1.14,0.191,0.032,0.034,0.125,0.446,0.172
611761,0.57,1.07,0.175,0.044,0.044,0.145,0.39,0.202
612761,0.2168,1.13,0.233,0.035,0.046,0.121,0.386,0.179
613761,0.81,1.1,0.236,0.031,0.042,0.121,0.39,0.18
614761,0.04,1.09,0.214,0.041,0.038,0.111,0.402,0.194
615761,0.3104,1.12,0.205,0.041,0.039,0.131,0.392,0.192
616761,0.5232,1.07,0.218,0.028,0.041,0.147,0.366,0.2
617761,0.43,1.12,0.207,0.028,0.044,0.157,0.358,0.206
618761,0.0864,1.02,0.206,0.018,0.048,0.174,0.362,0.192
619761,0.4768,1.09,0.195,0.023,0.035,0.165,0.407,0.175
620761,-0.3496,1.1,0.218,0.029,0.048,0.174,0.359,0.172
621761,-0.0168,1.17,0.195,0.021,0.046,0.208,0.344,0.186
622761,1.0864,1.05,0.224,0.008,0.04,0.191,0.369,0.168
623761,0.6304,1.13,0.225,0.008,0.033,0.22,0.366,0.148
624761,0.37,1.13,0.238,0.019,0.04,0.194,0.359,0.15
625761,0.8668,1.05,0.213,0.016,0.03,0.226,0.378,0.137
626761,0.2228,1.04,0.229,0.013,0.036,0.231,0.336,0.155
627761,-0.3032,1.07,0.198,0.01,0.034,0.272,0.338,0.148
628761,0.2904,1.07,0.224,0.009,0.032,0.252,0.335,0.148
629761,0.7736,1.1,0.225,0.009,0.037,0.271,0.347,0.111
630761,1.3,1.08,0.211,0.01,0.032,0.263,0.361,0.123
631761,1.15,1.11,0.21,0.008,0.04,0.293,0.344,0.105
632761,0.21,1.1,0.241,0.0,0.05,0.261,0.365,0.083
633761,0.86,1.07,0.214,0.001,0.055,0.286,0.32,0.124
634761,-0.1196,1.12,0.229,0.002,0.047,0.342,0.261,0.119
635761,0.6736,1.13,0.204,0.0,0.053,0.258,0.366,0.119
636761,1.0828,1.06,0.21,0.002,0.061,0.275,0.342,0.11
637761,0.616,1.1,0.194,0.001,0.044,0.288,0.339,0.134
638761,0.5172,1.15,0.212,0.0,0.06,0.262,0.33,0.136
639761,1.728,1.09,0.164,0.002,0.047,0.327,0.343,0.117
640761,1.14,1.14,0.191,0.001,0.041,0.327,0.302,0.138
641761,0.4492,1.13,0.158,0.0,0.039,0.312,0.371,0.12
642761,1.369,1.11,0.208,0.0,0.037,0.293,0.348,0.114
643761,0.7828,1.12,0.202,0.001,0.034,0.303,0.362,0.098
644761,0.4192,1.14,0.185,0.004,0.034,0.327,0.349,0.101
645761,0.8702,1.11,0.189,0.001,0.04,0.275,0.404,0.091
646761,0.6616,1.14,0.172,0.001,0.031,0.301,0.388,0.107
647761,1.0608,1.15,0.176,0.002,0.033,0.309,0.391,0.089
648761,0.0368,1.16,0.172,0.0,0.037,0.339,0.371,0.081
649761,0.8284,1.17,0.166,0.0,0.042,0.315,0.405,0.072
650761,0.6756,1.15,0.167,0.0,0.033,0.332,0.396,0.072
651761,1.4848,1.16,0.157,0.001,0.039,0.345,0.404,0.054
652761,2.0408,1.22,0.188,0.0,0.035,0.293,0.422,0.062
653761,1.109,1.17,0.19,0.0,0.043,0.326,0.386,0.055
654761,1.6654,1.24,0.156,0.0,0.045,0.361,0.393,0.045
655761,0.8918,1.25,0.165,0.002,0.059,0.341,0.39,0.043
656761,1.1948,1.18,0.166,0.002,0.048,0.346,0.392,0.046
657761,2.8424,1.23,0.149,0.002,0.039,0.378,0.381,0.051
658761,0.7036,1.28,0.127,0.002,0.06,0.362,0.405,0.044
659761,0.2192,1.26,0.139,0.0,0.055,0.368,0.403,0.035
660761,0.9972,1.18,0.105,0.001,0.063,0.394,0.393,0.044
661761,1.0568,1.21,0.12,0.005,0.063,0.408,0.363,0.041
662761,1.5698,1.3,0.15,0.001,0.069,0.371,0.367,0.042
663761,1.676,1.31,0.139,0.001,0.078,0.398,0.347,0.037
664761,-0.0278,1.42,0.144,0.001,0.101,0.37,0.345,0.039
665761,0.914,1.4,0.135,0.001,0.107,0.356,0.37,0.031
666761,1.9804,1.32,0.125,0.003,0.121,0.397,0.312,0.042
667761,2.1884,1.39,0.139,0.001,0.115,0.397,0.326,0.022
668761,2.1924,1.37,0.123,0.006,0.136,0.367,0.323,0.045
669761,1.126,1.37,0.117,0.002,0.135,0.366,0.339,0.041
670761,1.739,1.37,0.115,0.002,0.149,0.351,0.345,0.038
671761,2.1396,1.35,0.105,0.002,0.165,0.348,0.348,0.032
672761,1.1236,1.59,0.105,0.0,0.184,0.27,0.382,0.059
673761,2.0154,1.48,0.128,0.002,0.187,0.29,0.359,0.034
674761,1.2132,1.52,0.109,0.0,0.175,0.306,0.364,0.046
675761,0.7048,1.58,0.132,0.0,0.192,0.257,0.387,0.032
676761,1.4512,1.51,0.118,0.001,0.198,0.275,0.356,0.052
677761,0.4166,1.43,0.117,0.001,0.204,0.289,0.354,0.035
678761,0.5984,1.42,0.134,0.006,0.208,0.286,0.321,0.045
679761,2.3244,1.52,0.12,0.0,0.183,0.282,0.354,0.061
680761,2.8928,1.5,0.113,0.001,0.224,0.283,0.335,0.044
681761,1.6972,1.48,0.098,0.002,0.215,0.292,0.342,0.051
682761,1.0724,1.54,0.111,0.001,0.235,0.262,0.349,0.042
683761,1.1982,1.64,0.134,0.001,0.251,0.274,0.307,0.033
684761,0.9048,1.52,0.135,0.001,0.244,0.27,0.314,0.036
685761,1.539,1.53,0.144,0.003,0.26,0.268,0.301,0.024
686761,1.9566,1.57,0.112,0.003,0.253,0.279,0.329,0.024
687761,0.2588,1.72,0.113,0.003,0.261,0.259,0.33,0.034
688761,0.6918,1.65,0.115,0.001,0.248,0.238,0.359,0.039
689761,2.5918,1.54,0.116,0.005,0.26,0.233,0.355,0.031
690761,0.8898,1.7,0.092,0.006,0.267,0.222,0.366,0.047
691761,1.7152,1.71,0.108,0.0,0.284,0.216,0.352,0.04
692761,-1.0664,1.85,0.122,0.002,0.256,0.187,0.388,0.045
693761,-0.3648,1.82,0.114,0.004,0.254,0.189,0.381,0.058
694761,1.1766,1.8,0.118,0.001,0.266,0.212,0.352,0.051
695761,-0.0492,1.76,0.12,0.0,0.254,0.21,0.37,0.046
696761,2.7716,1.86,0.113,0.002,0.26,0.217,0.366,0.042
697761,0.0994,1.73,0.102,0.0,0.274,0.213,0.382,0.029
698761,0.3054,1.63,0.099,0.001,0.248,0.195,0.412,0.045
699761,-0.1442,1.85,0.098,0.002,0.274,0.155,0.428,0.043
700761,0.828,1.64,0.096,0.004,0.288,0.157,0.425,0.03
701761,0.7734,1.65,0.098,0.001,0.285,0.152,0.43,0.034
702761,2.7068,1.87,0.117,0.0,0.268,0.135,0.45,0.03
703761,-0.3774,1.85,0.104,0.002,0.278,0.126,0.445,0.045
704761,0.941,1.85,0.098,0.001,0.28,0.139,0.441,0.041
705761,0.1498,2.03,0.122,0.0,0.264,0.113,0.477,0.024
706761,-0.3952,1.94,0.112,0.001,0.261,0.14,0.459,0.027
707761,0.6348,1.95,0.114,0.001,0.272,0.118,0.472,0.023
708761,1.9142,1.96,0.111,0.002,0.279,0.123,0.461,0.024
709761,3.7006,1.9,0.12,0.004,0.29,0.124,0.437,0.025
710761,0.0784,1.94,0.116,0.003,0.292,0.108,0.468,0.013
711761,1.2828,2.0,0.104,0.002,0.298,0.112,0.466,0.018
712761,1.772,2.07,0.102,0.001,0.298,0.103,0.473,0.023
713761,1.0692,2.13,0.097,0.004,0.27,0.1,0.505,0.024
714761,-0.1292,2.01,0.099,0.006,0.288,0.107,0.479,0.021
715761,1.764,2.06,0.113,0.002,0.282,0.092,0.483,0.028
716761,1.7792,2.07,0.11,0.004,0.285,0.113,0.473,0.015
717761,0.714,2.06,0.097,0.003,0.289,0.129,0.465,0.017
718761,0.9022,2.11,0.103,0.004,0.286,0.107,0.481,0.019
719761,0.5542,2.12,0.116,0.003,0.296,0.111,0.464,0.01
720761,-0.4692,2.11,0.092,0.004,0.305,0.112,0.476,0.011
721761,0.5568,2.02,0.116,0.004,0.288,0.107,0.46,0.025
722761,0.7772,2.13,0.106,0.007,0.282,0.112,0.466,0.027
723761,-1.1268,2.16,0.11,0.002,0.279,0.131,0.452,0.026
724761,0.6912,2.11,0.104,0.002,0.286,0.108,0.482,0.018
725761,-1.3766,2.14,0.101,0.005,0.27,0.129,0.47,0.025
726761,1.0384,2.13,0.082,0.007,0.308,0.129,0.458,0.016
727761,1.7118,2.22,0.087,0.004,0.294,0.129,0.463,0.023
728761,0.104,2.09,0.109,0.003,0.293,0.107,0.471,0.017
729761,2.1248,2.21,0.072,0.003,0.297,0.133,0.478,0.017
730761,2.4592,2.17,0.078,0.002,0.293,0.126,0.484,0.017
731761,-1.7524,2.17,0.098,0.001,0.286,0.133,0.472,0.01
732761,-2.1788,2.27,0.089,0.007,0.277,0.12,0.496,0.011
733761,-1.3374,2.23,0.092,0.005,0.281,0.114,0.492,0.016
734761,-0.0524,2.2,0.076,0.005,0.295,0.107,0.501,0.016
735761,-1.0584,2.26,0.091,0.005,0.294,0.108,0.489,0.013
736761,-0.188,2.18,0.085,0.004,0.291,0.116,0.496,0.008
737761,0.6176,2.24,0.092,0.002,0.285,0.127,0.48,0.014
738761,2.3512,2.31,0.082,0.003,0.29,0.13,0.483,0.012
739761,-0.41,2.27,0.1,0.001,0.29,0.102,0.494,0.013
740761,3.5892,2.25,0.078,0.01,0.282,0.135,0.482,0.013
741761,-0.982,2.23,0.084,0.004,0.293,0.121,0.486,0.012
742761,0.492,2.29,0.109,0.004,0.287,0.11,0.481,0.009
743761,0.7148,2.32,0.08,0.01,0.29,0.118,0.492,0.01
744761,3.906,2.27,0.087,0.009,0.291,0.112,0.494,0.007
745761,-1.04,2.19,0.082,0.007,0.29,0.115,0.495,0.011
746761,1.368,2.27,0.075,0.012,0.265,0.156,0.481,0.011
747761,-1.574,2.32,0.071,0.004,0.266,0.146,0.497,0.016
748761,-1.8184,2.34,0.077,0.014,0.27,0.139,0.491,0.009
749761,-2.2472,2.27,0.066,0.005,0.284,0.14,0.489,0.016
750761,0.9396,2.22,0.077,0.005,0.271,0.127,0.505,0.015
751761,-0.582,2.23,0.082,0.014,0.266,0.14,0.486,0.012
752761,-0.7708,2.34,0.085,0.006,0.265,0.124,0.507,0.013
753761,1.6276,2.22,0.082,0.008,0.28,0.128,0.483,0.019
754761,1.7048,2.21,0.091,0.009,0.272,0.122,0.493,0.013
755761,0.1132,2.23,0.086,0.011,0.278,0.113,0.496,0.016
756761,1.112,2.28,0.067,0.008,0.287,0.129,0.492,0.017
757761,1.1532,2.3,0.064,0.004,0.29,0.143,0.486,0.013
758761,0.7604,2.29,0.082,0.005,0.284,0.145,0.47,0.014
759761,-0.6616,2.31,0.082,0.004,0.281,0.143,0.477,0.013
760761,0.2128,2.23,0.091,0.002,0.311,0.126,0.465,0.005
761761,1.6756,2.26,0.086,0.004,0.298,0.124,0.481,0.007
762761,1.4984,2.39,0.078,0.014,0.294,0.131,0.455,0.028
763761,-1.5068,2.33,0.064,0.004,0.307,0.131,0.465,0.029
764761,0.2832,2.31,0.067,0.007,0.292,0.156,0.452,0.026
765761,2.9848,2.35,0.077,0.003,0.292,0.128,0.472,0.028
766761,1.0468,2.3,0.072,0.002,0.289,0.151,0.457,0.029
767761,1.0164,2.29,0.064,0.004,0.278,0.173,0.458,0.023
768761,-0.8584,2.26,0.065,0.005,0.292,0.161,0.446,0.031
769761,-3.2196,2.32,0.072,0.0,0.28,0.165,0.449,0.034
770761,-2.2356,2.28,0.074,0.001,0.286,0.149,0.461,0.029
771761,-0.1028,2.26,0.07,0.001,0.296,0.161,0.439,0.033
772761,0.5016,2.27,0.062,0.0,0.29,0.138,0.464,0.046
773761,-0.52,2.26,0.072,0.002,0.295,0.15,0.44,0.041
774761,1.9348,2.35,0.074,0.006,0.288,0.142,0.454,0.036
775761,-2.9704,2.29,0.066,0.002,0.297,0.147,0.432,0.056
776761,1.2936,2.23,0.07,0.001,0.299,0.138,0.442,0.05
777761,-0.5452,2.25,0.055,0.005,0.289,0.168,0.434,0.049
778761,-0.68,2.31,0.057,0.004,0.284,0.166,0.44,0.049
779761,2.1316,2.27,0.064,0.003,0.311,0.154,0.42,0.048
780761,0.5632,2.29,0.07,0.003,0.299,0.145,0.426,0.057
781761,1.0116,2.31,0.059,0.001,0.312,0.161,0.42,0.047
782761,-0.61,2.27,0.069,0.006,0.309,0.141,0.417,0.058
783761,1.06,2.33,0.06,0.004,0.323,0.162,0.376,0.075
784761,2.1668,2.23,0.054,0.001,0.326,0.17,0.387,0.062
785761,-0.5364,2.26,0.057,0.001,0.325,0.167,0.374,0.076
786761,0.4084,2.27,0.047,0.003,0.309,0.19,0.378,0.073
787761,-0.4616,2.31,0.043,0.001,0.305,0.196,0.39,0.065
788761,-0.0048,2.28,0.045,0.002,0.312,0.193,0.377,0.071
789761,2.4668,2.25,0.046,0.002,0.313,0.201,0.37,0.068
790761,1.0304,2.24,0.046,0.002,0.321,0.195,0.355,0.081
791761,1.7928,2.27,0.049,0.001,0.324,0.2,0.356,0.07
792761,3.0384,2.32,0.037,0.003,0.302,0.193,0.375,0.09
793761,0.9768,2.19,0.054,0.0,0.31,0.186,0.352,0.098
794761,-2.8032,2.31,0.036,0.002,0.327,0.169,0.385,0.081
795761,-4.66,2.28,0.036,0.003,0.288,0.207,0.356,0.11
796761,6.4568,2.19,0.038,0.004,0.294,0.208,0.363,0.093
797761,2.09,2.14,0.045,0.004,0.297,0.211,0.339,0.104
798761,1.2196,2.24,0.045,0.001,0.292,0.211,0.351,0.1
799761,3.3684,2.26,0.039,0.002,0.294,0.211,0.361,0.093
800761,2.4,2.21,0.033,0.001,0.294,0.208,0.371,0.093
801761,-2.6,2.23,0.046,0.001,0.289,0.201,0.366,0.097
802761,1.9436,2.28,0.04,0.001,0.295,0.186,0.387,0.091
803761,-1.5116,2.26,0.036,0.001,0.297,0.175,0.378,0.113
804761,3.6768,2.29,0.033,0.001,0.324,0.165,0.374,0.103
805761,0.2616,2.24,0.045,0.001,0.276,0.189,0.385,0.104
806761,0.6616,2.2,0.039,0.0,0.287,0.185,0.382,0.107
807761,-1.35,2.22,0.037,0.001,0.294,0.187,0.368,0.113
808761,-0.6604,2.23,0.03,0.001,0.291,0.185,0.37,0.123
809761,-0.17,2.13,0.029,0.0,0.3,0.181,0.35,0.14
810761,-2.0284,2.1,0.042,0.002,0.304,0.165,0.35,0.137
811761,1.1784,2.14,0.03,0.001,0.298,0.177,0.364,0.13
812761,2.94,2.25,0.052,0.002,0.295,0.145,0.379,0.127
813761,4.56,2.2,0.049,0.003,0.292,0.156,0.361,0.139
814761,-1.75,2.26,0.042,0.007,0.291,0.151,0.372,0.137
815761,0.95,2.23,0.047,0.004,0.314,0.148,0.374,0.113
816761,-0.4304,2.26,0.038,0.005,0.314,0.145,0.387,0.111
817761,0.64,2.12,0.039,0.005,0.308,0.156,0.36,0.132
818761,1.6,2.32,0.046,0.003,0.319,0.135,0.377,0.12
819761,-1.88,2.16,0.054,0.002,0.32,0.146,0.338,0.14
820761,-0.9616,2.2,0.051,0.002,0.316,0.124,0.37,0.137
821761,1.8732,2.11,0.054,0.001,0.303,0.138,0.346,0.158
822761,0.9204,2.16,0.056,0.002,0.311,0.132,0.332,0.167
823761,0.6916,2.22,0.047,0.006,0.301,0.141,0.341,0.164
824761,1.7,2.12,0.047,0.001,0.321,0.126,0.322,0.183
825761,2.5232,2.15,0.051,0.002,0.332,0.124,0.311,0.18
826761,2.7416,2.24,0.058,0.004,0.316,0.159,0.317,0.146
827761,0.22,2.12,0.04,0.006,0.331,0.141,0.308,0.174
828761,-0.6468,2.12,0.052,0.006,0.32,0.144,0.3,0.178
829761,2.6384,2.09,0.048,0.006,0.335,0.134,0.298,0.179
830761,-0.6068,2.1,0.049,0.007,0.326,0.119,0.308,0.191
831761,1.8,2.06,0.058,0.006,0.317,0.121,0.302,0.196
832761,-1.2,2.11,0.076,0.003,0.313,0.118,0.289,0.201
833761,2.1884,2.09,0.063,0.007,0.32,0.123,0.28,0.207
834761,-0.11,2.08,0.068,0.003,0.324,0.12,0.271,0.214
835761,0.0384,2.1,0.051,0.002,0.327,0.136,0.276,0.208
836761,-0.65,2.14,0.052,0.002,0.34,0.108,0.299,0.199
837761,0.28,2.2,0.056,0.007,0.331,0.138,0.272,0.196
838761,1.3796,2.07,0.048,0.007,0.33,0.138,0.269,0.208
839761,0.8784,2.08,0.066,0.001,0.324,0.117,0.279,0.213
840761,-0.2,2.06,0.046,0.01,0.344,0.13,0.266,0.204
841761,1.0468,2.1,0.065,0.01,0.312,0.128,0.281,0.204
842761,4.5856,2.08,0.047,0.011,0.33,0.132,0.276,0.204
843761,-0.6616,2.11,0.051,0.009,0.327,0.133,0.277,0.203
844761,1.2668,2.09,0.056,0.012,0.32,0.121,0.268,0.223
845761,0.7532,2.06,0.051,0.007,0.34,0.12,0.261,0.221
846761,-1.98,2.1,0.061,0.009,0.316,0.113,0.303,0.198
847761,1.1884,2.15,0.055,0.006,0.346,0.114,0.282,0.197
848761,-2.0684,2.16,0.051,0.011,0.329,0.103,0.297,0.209
849761,-1.0584,2.07,0.052,0.005,0.342,0.101,0.281,0.219
850761,-3.5832,2.06,0.05,0.009,0.361,0.095,0.269,0.216
851761,0.1684,2.1,0.064,0.004,0.34,0.114,0.274,0.204
852761,-1.4,2.08,0.068,0.001,0.345,0.081,0.293,0.212
853761,0.3,2.13,0.065,0.011,0.331,0.101,0.285,0.207
854761,0.25,2.08,0.062,0.009,0.332,0.1,0.269,0.228
855761,-1.37,2.06,0.061,0.003,0.341,0.105,0.272,0.218
856761,3.55,2.07,0.051,0.006,0.336,0.111,0.289,0.207
857761,-0.7068,2.05,0.064,0.008,0.348,0.095,0.271,0.214
858761,-0.1668,2.04,0.053,0.008,0.333,0.094,0.29,0.222
859761,-1.1316,2.06,0.046,0.005,0.35,0.103,0.279,0.217
860761,-4.06,2.06,0.056,0.009,0.34,0.084,0.288,0.223
861761,0.8016,2.05,0.04,0.005,0.356,0.118,0.268,0.213
862761,-0.65,2.17,0.048,0.006,0.34,0.104,0.296,0.206
863761,-0.72,2.06,0.048,0.012,0.327,0.105,0.3,0.208
864761,0.44,2.03,0.059,0.005,0.329,0.096,0.287,0.224
865761,-1.45,2.08,0.052,0.012,0.336,0.088,0.295,0.217
866761,0.8984,1.96,0.051,0.017,0.329,0.088,0.284,0.231
867761,0.33,2.12,0.042,0.009,0.353,0.099,0.278,0.219
868761,1.2584,2.05,0.05,0.016,0.325,0.094,0.282,0.233
869761,2.46,2.07,0.042,0.007,0.321,0.098,0.296,0.236
870761,1.4984,2.03,0.039,0.007,0.328,0.082,0.302,0.242
871761,-1.11,1.98,0.04,0.008,0.323,0.069,0.3,0.26
872761,-1.6516,2.04,0.042,0.005,0.335,0.073,0.287,0.258
873761,0.4,2.04,0.038,0.008,0.347,0.075,0.289,0.243
874761,1.54,2.05,0.05,0.004,0.337,0.103,0.272,0.234
875761,2.3816,2.02,0.037,0.004,0.336,0.078,0.308,0.237
876761,1.4484,2.03,0.047,0.008,0.346,0.087,0.282,0.23
877761,0.9584,2.03,0.046,0.002,0.358,0.098,0.267,0.229
878761,-2.26,2.07,0.042,0.005,0.372,0.079,0.291,0.211
879761,1.51,2.09,0.034,0.005,0.352,0.093,0.296,0.22
880761,-1.69,2.01,0.039,0.006,0.351,0.075,0.291,0.238
881761,0.0132,2.05,0.03,0.005,0.348,0.099,0.276,0.242
882761,2.7336,2.02,0.043,0.0,0.336,0.081,0.283,0.257
883761,-1.47,2.04,0.03,0.005,0.34,0.077,0.309,0.239
884761,0.3484,2.02,0.037,0.004,0.362,0.084,0.278,0.235
885761,2.59,2.06,0.03,0.001,0.35,0.092,0.29,0.237
886761,-1.85,2.03,0.039,0.003,0.366,0.074,0.291,0.227
887761,-0.6,1.97,0.023,0.007,0.371,0.08,0.287,0.232
888761,-1.9432,2.04,0.029,0.014,0.36,0.071,0.289,0.237
889761,0.45,2.07,0.03,0.003,0.357,0.076,0.292,0.242
890761,-1.04,1.98,0.019,0.006,0.356,0.085,0.29,0.244
891761,-1.6432,1.97,0.028,0.001,0.347,0.079,0.285,0.26
892761,1.2116,2.01,0.032,0.005,0.328,0.067,0.302,0.266
893761,-0.9084,2.01,0.021,0.003,0.35,0.082,0.299,0.245
894761,-0.08,2.0,0.024,0.002,0.349,0.074,0.297,0.254
895761,-1.65,2.0,0.025,0.004,0.344,0.076,0.297,0.254
896761,1.0284,1.98,0.023,0.002,0.356,0.065,0.311,0.243
897761,-0.02,1.98,0.024,0.001,0.351,0.071,0.29,0.263
898761,-1.4284,1.92,0.015,0.004,0.353,0.071,0.288,0.269
899761,0.34,2.01,0.025,0.002,0.341,0.057,0.325,0.25
900761,-0.37,1.95,0.007,0.003,0.347,0.071,0.305,0.267
901761,-0.0216,2.02,0.011,0.003,0.338,0.056,0.322,0.27
902761,0.22,2.01,0.014,0.002,0.343,0.062,0.326,0.253
903761,-0.58,2.0,0.005,0.001,0.354,0.053,0.33,0.257
904761,-2.51,1.96,0.016,0.001,0.341,0.053,0.309,0.28
905761,1.66,1.97,0.018,0.001,0.327,0.049,0.321,0.284
906761,-1.4496,1.9,0.02,0.001,0.327,0.062,0.308,0.282
907761,3.15,1.91,0.009,0.002,0.317,0.065,0.326,0.281
908761,3.04,1.96,0.015,0.0,0.327,0.068,0.325,0.265
909761,1.02,1.93,0.018,0.001,0.285,0.064,0.336,0.296
910761,-1.5268,1.91,0.015,0.002,0.32,0.049,0.329,0.285
911761,-0.4916,1.91,0.007,0.0,0.296,0.06,0.324,0.313
912761,1.94,1.94,0.011,0.003,0.298,0.072,0.326,0.29
913761,1.37,1.9,0.018,0.002,0.328,0.041,0.327,0.284
914761,0.78,1.92,0.011,0.001,0.344,0.059,0.315,0.27
915761,-0.29,1.95,0.011,0.002,0.331,0.055,0.332,0.269
916761,-2.2632,1.89,0.016,0.002,0.327,0.056,0.335,0.264
917761,0.93,1.97,0.012,0.003,0.335,0.049,0.309,0.292
918761,-0.27,1.91,0.01,0.004,0.345,0.052,0.313,0.276
919761,1.3184,1.96,0.014,0.002,0.349,0.055,0.32,0.26
920761,-0.2,1.99,0.013,0.004,0.357,0.049,0.326,0.251
921761,2.02,1.85,0.019,0.006,0.324,0.045,0.318,0.288
922761,0.4,1.96,0.019,0.007,0.338,0.05,0.314,0.272
923761,-4.68,2.0,0.021,0.006,0.345,0.045,0.324,0.259
924761,-0.94,1.96,0.017,0.003,0.324,0.044,0.33,0.282
925761,2.85,1.94,0.028,0.003,0.337,0.05,0.318,0.264
926761,1.99,1.92,0.022,0.001,0.326,0.038,0.34,0.273
927761,-1.1052,1.92,0.026,0.003,0.301,0.058,0.328,0.284
928761,0.76,1.95,0.017,0.001,0.324,0.06,0.318,0.28
929761,0.29,1.92,0.028,0.003,0.322,0.054,0.314,0.279
930761,2.73,1.85,0.023,0.006,0.317,0.043,0.341,0.27
931761,-2.97,1.87,0.012,0.003,0.296,0.069,0.323,0.297
932761,1.78,1.89,0.02,0.004,0.335,0.055,0.316,0.27
933761,-0.47,2.0,0.023,0.004,0.335,0.059,0.312,0.267
934761,0.53,1.88,0.024,0.002,0.319,0.052,0.325,0.278
935761,-0.76,1.9,0.013,0.002,0.315,0.055,0.327,0.288
936761,-0.41,1.91,0.013,0.006,0.328,0.049,0.326,0.278
937761,3.33,1.83,0.013,0.004,0.321,0.067,0.321,0.274
938761,-0.57,1.88,0.024,0.004,0.308,0.063,0.315,0.286
939761,2.6396,1.9,0.025,0.005,0.319,0.056,0.322,0.273
940761,-1.33,1.86,0.02,0.003,0.302,0.058,0.322,0.295
941761,-1.34,1.81,0.025,0.0,0.332,0.057,0.306,0.28
942761,-0.97,1.89,0.02,0.002,0.296,0.044,0.34,0.298
943761,1.97,1.78,0.018,0.002,0.32,0.057,0.312,0.291
944761,0.4,1.87,0.024,0.005,0.365,0.044,0.295,0.267
945761,0.17,1.89,0.022,0.007,0.323,0.056,0.315,0.277
946761,1.24,2.0,0.023,0.002,0.321,0.049,0.323,0.282
947761,-0.49,1.87,0.021,0.006,0.337,0.052,0.302,0.282
948761,-1.31,1.92,0.015,0.007,0.362,0.044,0.304,0.268
949761,0.14,1.91,0.025,0.005,0.326,0.045,0.321,0.278
950761,1.78,1.9,0.024,0.002,0.335,0.047,0.317,0.275
951761,-2.72,1.92,0.02,0.0,0.374,0.044,0.314,0.248
952761,3.7,1.89,0.023,0.009,0.341,0.034,0.321,0.272
953761,0.51,1.89,0.02,0.005,0.362,0.042,0.314,0.257
954761,-0.29,1.9,0.023,0.003,0.352,0.053,0.312,0.257
955761,-4.35,1.94,0.024,0.002,0.367,0.045,0.313,0.249
956761,0.6,1.81,0.032,0.005,0.336,0.029,0.318,0.28
957761,4.97,1.88,0.037,0.006,0.339,0.049,0.308,0.261
958761,-1.25,2.0,0.035,0.005,0.354,0.039,0.313,0.254
959761,1.21,1.96,0.029,0.001,0.37,0.043,0.309,0.248
960761,1.02,1.93,0.027,0.002,0.375,0.049,0.306,0.241
961761,-0.81,1.89,0.027,0.002,0.37,0.047,0.308,0.246
962761,-0.2,1.95,0.035,0.002,0.376,0.04,0.319,0.228
963761,-0.96,1.94,0.024,0.002,0.398,0.051,0.298,0.227
964761,1.21,1.91,0.028,0.002,0.384,0.041,0.311,0.234
965761,0.6,1.93,0.039,0.004,0.381,0.032,0.307,0.237
966761,2.62,1.96,0.034,0.003,0.386,0.056,0.303,0.218
967761,0.8,1.96,0.035,0.004,0.377,0.05,0.304,0.23
968761,-4.4,2.02,0.05,0.006,0.367,0.056,0.304,0.217
969761,-3.03,1.98,0.046,0.001,0.394,0.037,0.302,0.22
970761,1.31,1.92,0.039,0.004,0.4,0.047,0.3,0.21
971761,1.26,1.95,0.048,0.002,0.386,0.059,0.288,0.217
972761,1.36,1.98,0.053,0.004,0.375,0.059,0.305,0.204
973761,-1.31,1.99,0.035,0.001,0.389,0.065,0.299,0.211
974761,0.55,1.92,0.035,0.003,0.382,0.089,0.295,0.196
975761,-1.44,1.89,0.051,0.003,0.362,0.065,0.303,0.216
976761,1.95,2.03,0.044,0.001,0.393,0.065,0.312,0.185
977761,-1.55,1.97,0.045,0.003,0.373,0.07,0.307,0.202
978761,0.87,1.92,0.033,0.002,0.375,0.085,0.304,0.201
979761,-1.66,1.95,0.037,0.003,0.376,0.074,0.299,0.211
980761,-3.47,1.92,0.043,0.002,0.379,0.056,0.306,0.214
981761,2.82,1.96,0.031,0.0,0.402,0.058,0.31,0.199
982761,-0.03,1.94,0.046,0.003,0.38,0.044,0.304,0.223
983761,0.97,1.83,0.047,0.002,0.356,0.071,0.307,0.217
984761,1.77,1.87,0.049,0.002,0.38,0.057,0.286,0.226
985761,-0.12,1.94,0.038,0.002,0.384,0.058,0.303,0.215
986761,0.18,1.98,0.042,0.0,0.385,0.072,0.298,0.203
987761,-1.43,1.99,0.051,0.001,0.382,0.077,0.294,0.195
988761,1.4,1.99,0.041,0.002,0.378,0.073,0.304,0.202
989761,2.37,2.0,0.042,0.001,0.383,0.058,0.304,0.212
990761,-0.89,1.89,0.059,0.003,0.373,0.046,0.321,0.198
991761,1.34,1.89,0.054,0.001,0.37,0.062,0.306,0.207
992761,-0.85,1.92,0.052,0.001,0.384,0.059,0.302,0.202
993761,0.28,1.93,0.061,0.0,0.388,0.046,0.306,0.199
994761,-3.35,1.92,0.054,0.001,0.374,0.066,0.307,0.198
995761,3.95,1.99,0.053,0.001,0.38,0.072,0.306,0.188
996761,1.29,1.9,0.056,0.001,0.382,0.07,0.301,0.19
997761,-0.03,1.79,0.062,0.002,0.38,0.053,0.3,0.203
998761,2.35,1.91,0.055,0.002,0.399,0.057,0.294,0.193
999761,-6.63,1.92,0.05,0.006,0.401,0.051,0.288,0.204
1000761,-1.43,1.96,0.048,0.006,0.384,0.079,0.294,0.189
1001761,-4.83,1.9,0.057,0.003,0.371,0.066,0.3,0.203
1002761,-0.43,1.91,0.058,0.004,0.364,0.074,0.298,0.202
1003520,-1.99,1.89,0.058,0.0,0.3729,0.0777,0.2899,0.2016
